"0","all_threads['Date'] = pd.to_datetime(all_threads['Date'])"
"0",""
"0","plt.figure(figsize=(10, 6))"
"1","<Figure size 1000x600 with 0 Axes>
"
"0","all_threads.groupby(all_threads['Date'].dt.to_period('M')).size().plot(kind='line')"
"1","<Axes: xlabel='Date'>
"
"0","plt.title('Number of Threads Across All Newsgroups Over Time')"
"1","Text(0.5, 1.0, 'Number of Threads Across All Newsgroups Over Time')
"
"0","plt.xlabel('Month')"
"1","Text(0.5, 0, 'Month')
"
"0","plt.ylabel('Number of Threads')"
"0","plt.tight_layout()"
"1","Text(0, 0.5, 'Number of Threads')
"
"0","plt.savefig(os.path.join(output_directory, ""images and tables/old web visualizations/number_of_threads_over_time.png""))"
"0","plt.show()"
"0",""
