"0","# Group by newsgroup and month to calculate average sentiment"
"0","monthly_sentiment = all_comments.groupby([all_comments['Date'].dt.to_period('M'), 'newsgroup'])['SentimentScore'].mean().reset_index()"
"0","monthly_sentiment['Date'] = monthly_sentiment['Date'].dt.to_timestamp()"
"0",""
"0","# Pivot table for heatmap"
"0","heatmap_data = monthly_sentiment.pivot('newsgroup', 'Date', 'SentimentScore')"
"2","Traceback (most recent call last):
  File ""<string>"", line 1, in <module>
TypeError: DataFrame.pivot() takes 1 positional argument but 4 were given
"
"0","plt.figure(figsize=(12, 8))"
"1","<Figure size 1200x800 with 0 Axes>
"
"0","sns.heatmap(heatmap_data, cmap='coolwarm', center=0)"
"1","<Axes: xlabel='DayOfWeek', ylabel='Hour'>
"
"0","plt.title('Monthly Sentiment Heatmap by Newsgroup')"
"0","plt.xlabel('Month')"
"1","Text(0.5, 1.0, 'Monthly Sentiment Heatmap by Newsgroup')
"
"1","Text(0.5, 58.7222222222222, 'Month')
"
"0","plt.ylabel('Newsgroup')"
"1","Text(120.72222222222221, 0.5, 'Newsgroup')
"
"0","plt.xticks(rotation=45)"
"1","(array([0.5, 1.5, 2.5, 3.5, 4.5, 5.5, 6.5]), [Text(0.5, 0, 'Monday'), Text(1.5, 0, 'Tuesday'), Text(2.5, 0, 'Wednesday'), Text(3.5, 0, 'Thursday'), Text(4.5, 0, 'Friday'), Text(5.5, 0, 'Saturday'), Text(6.5, 0, 'Sunday')])
"
"0","plt.tight_layout()"
"0","plt.savefig(os.path.join(output_directory, ""images and tables/old web visualizations/monthly_sentiment_heatmap.png""))"
"0","plt.show()"
"0",""
